{
  "model": "runs\\detect\\train4\\weights\\best.pt",
  "data": "data\\poc_10_clases\\data.yaml",
  "split": "val",
  "timestamp": "2026-04-18T14:21:31.363744",
  "overall": {
    "mAP50": 0.9672222222222223,
    "mAP50_95": 0.8892928743961351,
    "precision": 0.906117956933901,
    "recall": 0.8801449819834616
  },
  "per_class": {
    "aceite_1l": {
      "mAP50": 0.995,
      "mAP50_95": 0.9949999999999999
    },
    "aceite_4l": {
      "mAP50": 0.995,
      "mAP50_95": 0.7910833333333332
    },
    "fideos": {
      "mAP50": 0.8283333333333331,
      "mAP50_95": 0.6638405797101449
    },
    "polenta": {
      "mAP50": 0.995,
      "mAP50_95": 0.9949999999999999
    },
    "tomate": {
      "mAP50": 0.995,
      "mAP50_95": 0.9398333333333333
    },
    "yerba_kalena": {
      "mAP50": 0.995,
      "mAP50_95": 0.951
    }
  }
}