{
  "model": "runs\\detect\\train2\\weights\\best.pt",
  "data": "data\\poc_10_clases\\data.yaml",
  "split": "val",
  "timestamp": "2026-04-18T01:31:11.771469",
  "overall": {
    "mAP50": 0.8129474969474971,
    "mAP50_95": 0.7744231201668701,
    "precision": 0.7126532559380022,
    "recall": 0.6956332651162015
  },
  "per_class": {
    "aceite_1l": {
      "mAP50": 0.8064285714285717,
      "mAP50_95": 0.8064285714285717
    },
    "aceite_4l": {
      "mAP50": 0.7783333333333333,
      "mAP50_95": 0.7053333333333334
    },
    "fideos": {
      "mAP50": 0.5719230769230769,
      "mAP50_95": 0.5362393162393163
    },
    "polenta": {
      "mAP50": 0.995,
      "mAP50_95": 0.92025
    },
    "tomate": {
      "mAP50": 0.863,
      "mAP50_95": 0.8542
    },
    "yerba_kalena": {
      "mAP50": 0.863,
      "mAP50_95": 0.8240875000000001
    }
  }
}