{
  "model": "runs\\detect\\train\\weights\\best.pt",
  "data": "data\\poc_10_clases\\data.yaml",
  "split": "val",
  "timestamp": "2026-04-17T19:18:36.786800",
  "overall": {
    "mAP50": 0.9672222222222223,
    "mAP50_95": 0.8347954545454545,
    "precision": 0.9495732302477373,
    "recall": 0.8666862007013755
  },
  "per_class": {
    "aceite_1l": {
      "mAP50": 0.995,
      "mAP50_95": 0.9949999999999999
    },
    "aceite_4l": {
      "mAP50": 0.995,
      "mAP50_95": 0.77
    },
    "fideos": {
      "mAP50": 0.8283333333333331,
      "mAP50_95": 0.6222727272727272
    },
    "polenta": {
      "mAP50": 0.995,
      "mAP50_95": 0.9949999999999999
    },
    "tomate": {
      "mAP50": 0.995,
      "mAP50_95": 0.7305
    },
    "yerba_kalena": {
      "mAP50": 0.995,
      "mAP50_95": 0.8960000000000001
    }
  }
}