{
  "model": "runs\\detect\\train4\\weights\\best.pt",
  "data": "data\\poc_10_clases\\data.yaml",
  "split": "test",
  "timestamp": "2026-04-18T15:23:52.166026",
  "overall": {
    "mAP50": 0.8330952380952381,
    "mAP50_95": 0.7548635531135532,
    "precision": 0.6198623606233705,
    "recall": 0.6884973064420272
  },
  "per_class": {
    "aceite_4l": {
      "mAP50": 0.995,
      "mAP50_95": 0.8955
    },
    "fideos": {
      "mAP50": 0.995,
      "mAP50_95": 0.7522115384615384
    },
    "leche_descremada": {
      "mAP50": 0.8616666666666668,
      "mAP50_95": 0.7683333333333333
    },
    "miel": {
      "mAP50": 0.995,
      "mAP50_95": 0.9949999999999999
    },
    "polenta": {
      "mAP50": 0.495,
      "mAP50_95": 0.495
    },
    "tomate": {
      "mAP50": 0.995,
      "mAP50_95": 0.9949999999999999
    },
    "yerba_kalena": {
      "mAP50": 0.495,
      "mAP50_95": 0.383
    }
  }
}